id,claim,verdict,evidence,corrected_statement
C01,Solver-independent canonical state has precedent,supported_with_limits,S01;S02;S03,Shared semantics and process interfaces have precedent; complete lossless restart across all solver representations is unproven.
C02,Discrete cells plus continuum fields is established,supported,S04;S26,A well-established hybrid modeling choice for specified scales and assumptions.
C03,Multirate scheduling is appropriate,supported_with_limits,S01;S04,Separate timescales are supported; specific timesteps and global integration accuracy require verification.
C04,preCICE makes selected packages readily integrable,overstated,S05;S06;S07,"A suitable coupling library; named adapters must be implemented/qualified, including checkpoint and mapping semantics."
C05,SOFA and ESPResSo are high-fidelity biological oracles,unsupported_as_general_claim,S22;S23,"They are specialist numerical comparators with context-specific models, not biological ground truth."
C06,Tissue Forge offers an independent reference,conditional,S24,"Useful only after aligning equations, constitutive assumptions, units, boundaries, observables and numerical convergence."
C07,932/1055 BioModels matched across at least two engines,verified_scope_restricted,S08,"The 2025 study reports this for ODE models, including template experiments; it does not validate coupled spatial tumor biology."
C08,FDA/ASME credibility methods directly justify the proposed ML/fidelity layer,scope_overextended,S09;S10,"The earlier no-approval caveat was correct. However, FDA guidance explicitly excludes standalone ML and does not cover the learned part of a hybrid; the systems-biology article is a proposal, not approval."
C09,Surrogate distillation is feasible,supported_with_limits,S11,"Empirical biomechanical precedent exists; no inherited teacher credibility, online coverage guarantee or achieved speedup here."
C10,Mean discrepancy plus lambda uncertainty gives a guarantee,unproven,,Only a proposed score until calibrated against a declared coverage/error target and distribution.
C11,Regional multi-fidelity cellular simulation is novel,not_established,S12;S13;S01,"Prior hybrid and compositional work exists; the exact controller is a proposed contribution, not an established novelty claim."
C12,Four-population vascularized spheroids demonstrate functional spheroid perfusion,incorrect_extension,S14,"The in-vitro pseudovascular spheroid arm is a morphology/TME benchmark, not demonstrated spheroid perfusion. The paper separately reports in-vivo perfused-vessel comparisons."
C13,Vascularized-organoid paper validates tumor therapy,incorrect_extension,S15,The tested spheroids/organoids are non-tumor vascular models; relevance is methodological.
C14,Renal tumor chip supplies useful component data,supported_with_limits,S16,"Scoped bead/tracer/sprouting observables exist, with limited replication and surrogate tracers."
C15,The ABC paper provides broad evidence for tumor-model calibration,supported_but_narrower,S17;S18,"The calibration result is genuine but conditional on a 2D, no-death mouse xenograft model; excluded data and the breast-labeled cell line limit broader biological interpretation."
C16,SBML/SED-ML/OMEX fully specify the proposed world,overstated,S19;S20;S21;S28,"Use their supported subsets, plus explicitly versioned spatial/coupling/restart extensions and round-trip tests."
C17,Warp is the best or biologically credible production backend,unverified,S25,"A technically relevant candidate; speed, portability, accuracy and workload costs remain to be measured."
C18,The packaged example realizes the proposed vascularized microtumor experiment,proposal_not_implementation,LOCAL_SOURCE,The package explicitly labels its numerical routines as toys. The runnable example has two cell centers and uniform scalar decay; YAML is not consumed and specialist adapters are placeholders.
C19,The four passing tests establish scaffold correctness beyond smoke testing,original_count_verified_but_insufficient,LOCAL_TESTS,All four original tests pass. Targeted additional checks fail on 8 numerical/state requirements and 4 proposed safeguards; these are not a representative defect-rate estimate.
C20,Total error is a simple sum of independent uncertainties,not_justified,,Define signed discrepancies or valid bounds; variance sums require covariance/independence assumptions and switching error must be included.
C21,Local solver escalation ensures global trajectory accuracy,unproven,,"Requires stable coupled dynamics, controlled transfer and accumulated error; local residual alone is insufficient."
C22,Increasing detail monotonically improves biological realism,unsupported,,More detail can add model-form/parameter error; rank solver-model pairs empirically per quantity of interest.
C23,Arbitrary external entities can be physically predicted,conditional,,Interfaces can accept entities; interactions and biological response laws must still be supplied and calibrated.
C24,A validated constitutive law transfers across cell populations,unproven,S17;S18;S27;S29;S30,"Material, geometry and phenotype parameters must be qualified by cell type, state, assay and perturbation range."
C25,Detailed mechanics and nuclear deformation have experimental relevance,supported_in_specific_contexts,S29;S30,Confinement experiments support specific mechanical/phenotypic observables; not every cell needs every process or the same material law.
C26,Mechanical strain can be converted to universal rupture or mutation thresholds,not_established,S29;S30,"The cited studies do not supply general quantitative thresholds applicable across cell lines, matrix systems and biological states."
