id,title,year,kind,url,doi,access,scope,limitation,checked
S01,Agmon et al. — Vivarium: an interface and engine for integrative multiscale modeling in computational biology,2022,peer-reviewed primary software paper,https://academic.oup.com/bioinformatics/article/38/7/1972/6522109,10.1093/bioinformatics/btac049,"full text, sections 2–4","Processes, stores, multirate composition, and integrated example models.",Does not establish a universal sufficient cell state or the correctness of arbitrary coupled modules.,2026-09-17
S02,Sluka et al. — The cell behavior ontology: describing the intrinsic biological behaviors of real and model cells seen as active agents,2014,peer-reviewed primary ontology paper,https://pmc.ncbi.nlm.nih.gov/articles/PMC4133580/,10.1093/bioinformatics/btu210,full text,Biological semantics separable from implementation terminology.,An ontology does not define complete numerical restart or constitutive state.,2026-09-17
S03,Friedman et al. — MultiCellDS: a community-developed standard for curating microenvironment-dependent multicellular data,2016,preprint / community data-standard proposal,https://www.isi.edu/results/publications/13460/multicellds-a-community-developed-standard-for-curating-microenvironment-dependent-multicellular-data/,10.1101/090456,author-institution abstract and bibliographic record,"Digital cell lines, snapshots, phenotype and microenvironment data.",The cited publication is bioRxiv; it is not proof of lossless universal solver interoperability.,2026-09-17
S04,Ghaffarizadeh et al. — PhysiCell: An open source physics-based cell simulator for 3-D multicellular systems,2018,peer-reviewed primary software paper,https://journals.plos.org/ploscompbiol/article?id=10.1371/journal.pcbi.1005991,10.1371/journal.pcbi.1005991,full text including timestep discussion,"Cell agents coupled to substrates; distinct diffusion, mechanics, phenotype time scales.","Its defaults, convergence and performance do not transfer to the supplied toy scaffold.",2026-09-17
S05,preCICE — Overview of adapters,2026,official documentation,https://precice.org/adapters-overview.html,,"full page, updated 2026-09-08",Lists official and third-party adapters.,"SOFA, ESPResSo and Tissue Forge are not listed; this is not an exhaustive proof no outside adapter exists.",2026-09-17
S06,preCICE — Step 6: Implicit coupling,2026,official documentation,https://precice.org/couple-your-code-implicit-coupling.html,,full page,Iterative coupling requires solver checkpoint/restore and reproducible evaluation.,preCICE does not implement the participating solver checkpoint internals.,2026-09-17
S07,preCICE — Mapping configuration,2026,official documentation,https://precice.org/configuration-mapping.html,,full page,"Consistent, conservative and scaled-consistent mappings.","Global sum preservation is not by itself energy, torque, local flux or biological validity.",2026-09-17
S08,Smith et al. — Verification and reproducible curation of the BioModels repository,2025,peer-reviewed primary reproducibility study,https://journals.plos.org/ploscompbiol/article?id=10.1371/journal.pcbi.1013239,10.1371/journal.pcbi.1013239,"full text, methods and results",932 of 1055 ODE models agreed across at least two of five engines; published 2025-12-04.,Many experiments use generic templates; not all original figures were reproduced. Not a spatial biological-validation study.,2026-09-17
S09,FDA — Assessing the Credibility of Computational Modeling and Simulation in Medical Device Submissions,2023,official nonbinding final guidance,https://www.fda.gov/media/154985/download,,"full PDF text and scope-page screenshot, section III printed page 7",Risk- and context-dependent credibility framework for first-principles/mechanistic models.,Standalone ML is excluded; hybrid-model guidance covers first-principles aspects only. No approval of this architecture.,2026-09-17
S10,Tatka et al. — Adapting modeling and simulation credibility standards to computational systems biology,2023,peer-reviewed review and methodological proposal,https://pmc.ncbi.nlm.nih.gov/articles/PMC10369698/,10.1186/s12967-023-04290-5,full text,Proposes adaptation of credibility practices to systems biology.,"Proposal/review, not a validation experiment or issued regulatory standard.",2026-09-17
S11,Sajjadinia et al. — Multi-fidelity surrogate modeling through hybrid machine learning for biomechanical and finite element analysis of soft tissues,2022,peer-reviewed primary computational study,https://bia.unibz.it/esploro/outputs/journalArticle/Multi-fidelity-surrogate-modeling-through-hybrid-machine/991006420497801241,10.1016/j.compbiomed.2022.105699,author-institution abstract and bibliographic record; publisher full text inaccessible in this audit,Empirical reduced-physics plus learned correction for expensive soft-tissue FE models.,Not a proof of online tumor-solver switching or experimentally calibrated cancer predictions; no quantitative gains adopted here.,2026-09-17
S12,"Kim, Stolarska and Othmer — A hybrid model for tumor spheroid growth in vitro I: Theoretical development and early results",2007,peer-reviewed primary modeling paper,https://experts.umn.edu/en/publications/a-hybrid-model-for-tumor-spheroid-growth-in-vitro-i-theoretical-d/,10.1142/S0218202507002479,author-institution abstract and bibliographic record,"Cell-level growing periphery, continuum quiescent/necrotic regions and ECM, nutrient fields.",Prior art for regional model heterogeneity; not the exact proposed heterogeneous-engine controller.,2026-09-17
S13,Agmon and Spangler — Process Bigraphs and the Architecture of Compositional Systems Biology,2026,preprint,https://arxiv.org/abs/2512.23754,10.48550/arXiv.2512.23754,abstract and version history; v2 dated 2026-08-14,"Typed interfaces, hierarchy, model translation and coordination, Vivarium 2.0 demonstrations.","Preprint; no peer-reviewed journal status confirmed. Closely related prior art, not a proof of this design.",2026-09-17
S14,Ascheid et al. — A vascularized breast cancer spheroid platform for the ranked evaluation of tumor microenvironment-targeted drugs by light sheet fluorescence microscopy,2024,peer-reviewed primary experimental paper,https://www.nature.com/articles/s41467-024-48010-z,10.1038/s41467-024-48010-z,full text including model construction and results,"Four human-origin populations, pseudovascular organization, imaging/drug-response phenotypes, and additional in-vivo vascular comparisons.",The in-vitro spheroid arm does not demonstrate intravascular perfusion. The paper also contains in-vivo perfused-vessel measurements; these must not be confused with spheroid perfusion.,2026-09-17
S15,Quintard et al. — A microfluidic platform integrating functional vascularized organoids-on-chip,2024,peer-reviewed primary experimental paper,https://www.nature.com/articles/s41467-024-45710-4,10.1038/s41467-024-45710-4,full text,Functional perfusion of mesenchymal/pancreatic-islet spheroids and blood-vessel organoids.,Not a cancer-treatment validation dataset; useful vascular-engineering precedent.,2026-09-17
S16,Skubal et al. — Vascularized tumor on a microfluidic chip to study mechanisms promoting tumor neovascularization and vascular targeted therapies,2025,peer-reviewed primary experimental paper,https://www.thno.org/v15p0766.htm,10.7150/thno.95334,full text and figure captions,"Metastatic renal-cell-carcinoma chip with vessel sprouting, bead and fluorescein experiments.",Figure 3 bead perfusion n=1 chip and fluorescein n=4; tracer transport and beads are not actual drug PK or deformable blood cells.,2026-09-17
S17,Wang et al. — Calibration of agent based models for monophasic and biphasic tumour growth using approximate Bayesian computation,2024,peer-reviewed primary modeling/calibration paper,https://link.springer.com/article/10.1007/s00285-024-02045-4,10.1007/s00285-024-02045-4,"full text, sections 2.1 and 2.2",SMC-ABC parameter inference for a 2D Voronoi ABM using mouse xenograft data.,No cell death; declining late measurements excluded for model-assumption compatibility; breast-labeled MDA-MB435 data require authentication qualification.,2026-09-17
S18,Cellosaurus — MDA-MB-435 (CVCL_0417),2026,curated primary biological-resource record,https://www.cellosaurus.org/CVCL_0417,,full record,Lists MDA-MB-435 as an M14 derivative and registered misidentified cell line.,A resource-level identity warning does not retrospectively assay the exact historical vial used in an experiment.,2026-09-17
S19,SBML specifications,2026,official standard documentation,https://sbml.org/documents/specifications/,,official specification index,Software-independent biological model descriptions and level/package distinctions.,A file format alone does not establish every solver supports each package or arbitrary dynamic cell geometry.,2026-09-17
S20,SED-ML — Simulation Experiment Description Markup Language,2026,official standard documentation,https://sed-ml.org/,,official standard overview,"Model modifications, simulation procedures, outputs and experiment exchange.",The proposed ABM/coupling experiment requires explicit supported mappings; schema existence is not runtime conformance.,2026-09-17
S21,Bergmann et al. — COMBINE archive and OMEX format: one file to share all information to reproduce a modeling project,2014,peer-reviewed primary software/format paper,https://link.springer.com/article/10.1186/s12859-014-0369-z,10.1186/s12859-014-0369-z,full text,ZIP-based archive with mandatory manifest and optional metadata; can include additional formats.,Packaging custom files does not make their semantics executable by independent solvers.,2026-09-17
S22,SOFA — Features,2026,official software documentation,https://www.sofa-framework.org/about/features/,,full page,"FEM, nonlinear material options, contact and representation mappings.",Capability documentation is not cancer-cell material calibration or a biological accuracy ranking.,2026-09-17
S23,ESPResSo — Object-in-Fluid,2026,official software documentation,https://espressomd.github.io/doc/object_in_fluid.html,,full page,"Triangulated elastic objects with stretching, bending, area and volume forces in fluid.",Cell-like mechanics does not itself validate tumor-cell/nuclear constitutive behavior.,2026-09-17
S24,Tissue Forge — Vertex Model Solver,2026,official software documentation,https://tissue-forge-documentation.readthedocs.io/en/latest/models/vertex/solver/solver.html,,full page,Surface/body representation and actor-based mechanics.,Automatic mesh-quality operations are primarily developed for two-dimensional use; not all 3D dynamic-topology behavior can be presumed.,2026-09-17
S25,NVIDIA Warp — Documentation,2026,official software documentation,https://nvidia.github.io/warp/stable/index.html,,full index/capability overview,"CPU/CUDA kernels, geometry/numerical primitives and differentiability.","Does not establish biological credibility, comparative speed on this workload, or differentiability of arbitrary discrete events.",2026-09-17
S26,Bull et al. — Mathematical modelling reveals cellular dynamics within tumour spheroids,2020,peer-reviewed primary modeling paper,https://journals.plos.org/ploscompbiol/article?id=10.1371/journal.pcbi.1007961,10.1371/journal.pcbi.1007961,"full text, model and oxygen sections",Off-lattice cell model with continuous quasi-steady oxygen and comparison to spheroid-infiltration experiments.,"Reported simulations restricted to 2D; conditional model assumptions, not general 3D perfused-tumor validation.",2026-09-17
S27,Murphy et al. — Growth and adaptation mechanisms of tumour spheroids with time-dependent oxygen availability,2023,peer-reviewed primary experimental/modeling paper,https://journals.plos.org/ploscompbiol/article?id=10.1371/journal.pcbi.1010833,10.1371/journal.pcbi.1010833,full text including cell culture methods,Time-dependent oxygen spheroid experiments and growth/adaptation modeling; authenticated melanoma cell lines.,Provides scoped observables; does not validate the proposed software without matched experiments and held-out predictions.,2026-09-17
S28,Waltemath et al. — Minimum Information About a Simulation Experiment (MIASE),2011,peer-reviewed community reporting proposal,https://journals.plos.org/ploscompbiol/article?id=10.1371/journal.pcbi.1001122,10.1371/journal.pcbi.1001122,full text,"Information needed to reproduce model setup, execution and postprocessing.",Documentation completeness is necessary but not empirical biological accuracy.,2026-09-17
S29,Stöberl et al. — Nuclear deformation and dynamics of migrating cells in 3D confinement reveal adaptation of pulling and pushing forces,2024,peer-reviewed primary experimental/modeling study,https://research.vu.nl/en/publications/nuclear-deformation-and-dynamics-of-migrating-cells-in-3d-confine/,10.1126/sciadv.adm9195,author-institution abstract and bibliographic record; PMC full text blocked,"Nuclear shapes, displacement-derived forces and migration dynamics in compliant three-dimensional hydrogel channels.","Supports a confinement-specific mechanics benchmark, not universal strain thresholds or complete cancer-cell constitutive laws.",2026-09-17
S30,Bastianello et al. — Mechanical stress during confined migration causes aberrant mitoses and c-MYC amplification,2024,peer-reviewed primary experimental study,https://air.unimi.it/retrieve/dd21f6fc-5335-4270-b5dd-c5c7144e0c5c/pnas.202404551.pdf,10.1073/pnas.2404551121,"author-institution full PDF; abstract, results and methods inspected; no numerical figure data digitized","Microfluidic confinement, live imaging and molecular observations connect mitotic confinement with chromosome-segregation defects and oncogenic alterations in studied systems.",Does not supply a universal deformation-to-mutation equation or validate the proposed simulator.,2026-09-17
